best_model,test_accuracy,test_f1,test_roc_auc,cv_accuracy_mean,cv_accuracy_std,improvement_over_baseline
Tuned_RandomForest,0.7525773195876289,0.76,0.8047008547008546,0.7631578947368423,0.046201571452718845,0.04257731958762889
